Full Name,Date of Birth,Social Security Number,Address,Phone Number,Email Address,Bank Name,Account Number,Routing Number,Credit Card Number,Expiration Date,CVV,IsSensitive
Name 0,Year 1944,648667419,"345 Random St, City 2",641873069,email0@example.com,Bank 7,760626454,105219024,8473728226594372,10/25,655,1
Name 1,Year 1975,294583676,"20 Random St, City 6",624907159,email1@example.com,Bank 3,703047183,640881980,7815834523711368,12/25,284,1
Name 2,Year 1915,320756598,"819 Random St, City 5",635937506,email2@example.com,Bank 3,319501998,173570004,2614011403723668,8/25,582,1
Name 3,Year 1918,175428431,"509 Random St, City 7",657756121,email3@example.com,Bank 2,574218430,942051382,7465068762576938,4/25,356,0
Name 4,Year 1901,665701486,"842 Random St, City 3",670269677,email4@example.com,Bank 8,980171042,593505645,9613239072806922,7/25,905,0
Name 5,Year 1995,150792650,"387 Random St, City 2",688337195,email5@example.com,Bank 10,787267705,911531985,3221904528937625,6/25,997,1
Name 6,Year 1933,957653026,"283 Random St, City 9",620988103,email6@example.com,Bank 7,272677886,859434740,3723261484771711,6/25,137,0
Name 7,Year 1956,546940657,"280 Random St, City 1",629291497,email7@example.com,Bank 6,349279625,780532725,6124648291550998,7/25,780,0
Name 8,Year 1937,694773344,"935 Random St, City 9",635544657,email8@example.com,Bank 2,561493515,242186587,9721611389197879,13/25,216,0
Name 9,Year 1940,240012857,"442 Random St, City 6",674039087,email9@example.com,Bank 9,466230518,739428035,5968250685756644,2/25,274,1
Name 10,Year 1969,462682689,"10 Random St, City 8",615934898,email10@example.com,Bank 4,715688391,134734914,7664142573195369,5/25,468,0
Name 11,Year 1917,793922327,"410 Random St, City 7",602914948,email11@example.com,Bank 6,468742641,252918075,1061718933010774,13/25,593,1
Name 12,Year 1968,617588106,"159 Random St, City 5",623145885,email12@example.com,Bank 5,963155150,330913872,6836676030156524,13/25,499,0
Name 13,Year 1901,441314127,"699 Random St, City 3",679243660,email13@example.com,Bank 2,673795345,226748819,2674227883892494,10/25,875,0
Name 14,Year 1914,150137901,"473 Random St, City 5",663391030,email14@example.com,Bank 2,423583719,941869194,7748606163528196,3/25,457,0
Name 15,Year 1952,553531578,"315 Random St, City 3",697497858,email15@example.com,Bank 8,152066878,468148421,3600281941758248,11/25,828,0
Name 16,Year 1930,839481985,"868 Random St, City 1",639321961,email16@example.com,Bank 7,106624555,205650557,6313413742416100,11/25,534,1
Name 17,Year 1902,454023151,"33 Random St, City 5",633985084,email17@example.com,Bank 7,607849965,850929841,2897111175301428,6/25,325,0
Name 18,Year 1975,321817155,"573 Random St, City 3",688591493,email18@example.com,Bank 6,982330180,865240149,7643322899089863,8/25,716,0
Name 19,Year 1961,122610988,"910 Random St, City 3",628035779,email19@example.com,Bank 1,202490101,773762863,1370580723730662,12/25,867,0
Name 20,Year 1915,637575034,"783 Random St, City 8",612214065,email20@example.com,Bank 6,396589831,305123792,2740957021826297,7/25,520,1
Name 21,Year 1946,518180455,"710 Random St, City 8",619429337,email21@example.com,Bank 10,894350396,712085475,4137275878289117,6/25,249,1
Name 22,Year 1978,958421522,"254 Random St, City 5",606337404,email22@example.com,Bank 5,997466354,909258667,6150530084131892,11/25,121,0
Name 23,Year 1980,722433255,"874 Random St, City 1",650943507,email23@example.com,Bank 1,167758521,550005567,9662860299639265,9/25,289,0
Name 24,Year 1918,689961693,"294 Random St, City 8",662951718,email24@example.com,Bank 1,652038544,441828658,5309305644340729,3/25,824,0
Name 25,Year 1998,759508032,"504 Random St, City 4",603992811,email25@example.com,Bank 7,217429355,804515562,9162527882233952,12/25,145,1
Name 26,Year 1946,486585813,"718 Random St, City 10",694195905,email26@example.com,Bank 1,958774629,761088911,1296926962192658,7/25,799,1
Name 27,Year 1974,172348338,"663 Random St, City 2",671166834,email27@example.com,Bank 5,190092661,261840623,4282678185110252,1/25,228,0
Name 28,Year 1951,780013956,"481 Random St, City 3",686632549,email28@example.com,Bank 9,573365476,377764117,7445732337638981,6/25,850,0
Name 29,Year 1983,863487787,"800 Random St, City 3",692687759,email29@example.com,Bank 3,126210785,412844830,9067513262951302,11/25,805,0
Name 30,Year 1928,142815107,"988 Random St, City 9",693388792,email30@example.com,Bank 1,831910435,224861041,8222120039721740,2/25,165,1
Name 31,Year 1940,522043198,"371 Random St, City 1",641014867,email31@example.com,Bank 9,169893244,242342217,7048970043960962,10/25,453,0
Name 32,Year 1937,155015389,"965 Random St, City 4",679227983,email32@example.com,Bank 8,631894377,402075570,6768090397050535,4/25,255,1
Name 33,Year 1920,757490316,"247 Random St, City 2",637958845,email33@example.com,Bank 3,190939431,885249066,5306973265825401,8/25,514,0
Name 34,Year 1936,476679555,"950 Random St, City 8",613712383,email34@example.com,Bank 3,904480997,306625101,7761340471138936,10/25,893,1
Name 35,Year 1905,472836143,"877 Random St, City 2",632030530,email35@example.com,Bank 2,247424166,593579527,2243503950727237,9/25,315,1
Name 36,Year 1917,142710702,"939 Random St, City 2",698104066,email36@example.com,Bank 6,360537377,238590014,9792387568259817,11/25,411,0
Name 37,Year 1900,665337412,"13 Random St, City 6",606048929,email37@example.com,Bank 3,875180926,739347154,7195503142813023,6/25,270,1
Name 38,Year 1973,357914224,"302 Random St, City 8",627388419,email38@example.com,Bank 3,572000194,951114927,2863351960663465,11/25,263,0
Name 39,Year 1918,160626469,"98 Random St, City 6",677138193,email39@example.com,Bank 6,438283902,818779618,9886019218764561,8/25,985,0
Name 40,Year 1982,484946782,"598 Random St, City 3",662765171,email40@example.com,Bank 7,115288954,933777437,8981332605073224,2/25,590,0
Name 41,Year 1958,981793121,"982 Random St, City 10",624069686,email41@example.com,Bank 2,998323240,979286012,2923560618657731,12/25,146,1
Name 42,Year 1940,448370022,"7 Random St, City 4",687859139,email42@example.com,Bank 1,957002409,766432862,2370193361070911,4/25,412,0
Name 43,Year 1959,255583584,"863 Random St, City 7",603204170,email43@example.com,Bank 3,596484412,365276241,3682657362830518,13/25,847,1
Name 44,Year 1995,812031177,"373 Random St, City 9",600974693,email44@example.com,Bank 1,962516687,906598089,9863685167496593,10/25,570,0
Name 45,Year 1993,549548182,"861 Random St, City 3",618422818,email45@example.com,Bank 4,475658162,141176139,2035564134420946,10/25,794,0
Name 46,Year 1982,249548747,"203 Random St, City 10",631610133,email46@example.com,Bank 3,996666193,669073919,4473559436597094,9/25,992,0
Name 47,Year 1933,855254146,"109 Random St, City 9",633729912,email47@example.com,Bank 1,201564726,172094313,9004287670993880,9/25,248,1
Name 48,Year 1913,514254549,"398 Random St, City 4",688695336,email48@example.com,Bank 5,260136467,626573466,7008828215549427,12/25,992,0
Name 49,Year 1959,575705419,"966 Random St, City 10",689483574,email49@example.com,Bank 8,338920867,295255298,9781299798326560,3/25,203,0
Name 50,Year 1972,500889740,"694 Random St, City 1",633657992,email50@example.com,Bank 7,885195118,712623624,6492363753241330,4/25,976,1
Name 51,Year 1973,691711942,"935 Random St, City 4",670707832,email51@example.com,Bank 6,666637670,295974226,3135636345239013,10/25,289,1
Name 52,Year 1954,320566486,"845 Random St, City 7",639027068,email52@example.com,Bank 7,941285060,370079081,2124057129674219,11/25,864,1
Name 53,Year 1919,222359930,"231 Random St, City 5",669515838,email53@example.com,Bank 9,135787160,732740114,8269364026312012,9/25,588,1
Name 54,Year 1971,749511229,"765 Random St, City 10",663987102,email54@example.com,Bank 1,110262294,217947221,9923024626323310,10/25,531,0
Name 55,Year 1995,196352390,"965 Random St, City 1",663339037,email55@example.com,Bank 9,226415054,327662197,3316381130353867,13/25,286,0
Name 56,Year 1952,776233058,"558 Random St, City 4",604126945,email56@example.com,Bank 4,559951880,267249036,4808546523312640,3/25,396,0
Name 57,Year 1909,526309341,"839 Random St, City 5",624222056,email57@example.com,Bank 3,196169810,299265096,8416827101295511,12/25,972,1
Name 58,Year 1940,147103897,"617 Random St, City 4",628307629,email58@example.com,Bank 8,496730585,949303996,7149814023722512,1/25,148,1
Name 59,Year 1983,639229575,"226 Random St, City 9",647448784,email59@example.com,Bank 10,984199563,950485280,6348285913903828,9/25,225,1
Name 60,Year 1989,100579948,"709 Random St, City 6",620753131,email60@example.com,Bank 3,519436675,126415428,7527160229518603,6/25,108,0
Name 61,Year 1979,714510974,"848 Random St, City 1",680731417,email61@example.com,Bank 1,298622851,683441904,1169136005983620,2/25,267,1
Name 62,Year 1908,450558972,"921 Random St, City 8",616829423,email62@example.com,Bank 7,883383457,600044084,4100819262116104,13/25,626,1
Name 63,Year 1983,137710963,"370 Random St, City 10",640937473,email63@example.com,Bank 8,279110127,471299652,9303352972687469,2/25,447,0
Name 64,Year 1926,282543154,"84 Random St, City 4",640125900,email64@example.com,Bank 8,645364844,145229413,2902572316766632,13/25,526,1
Name 65,Year 1995,488607307,"899 Random St, City 1",653583448,email65@example.com,Bank 2,423660830,777163416,5900645555158653,13/25,359,1
Name 66,Year 1980,443523755,"254 Random St, City 9",698480002,email66@example.com,Bank 1,549503315,474289095,7491961601266821,6/25,189,0
Name 67,Year 1945,129225525,"278 Random St, City 5",602063645,email67@example.com,Bank 8,906051322,357092224,8198963646985583,5/25,958,0
Name 68,Year 1909,771920896,"546 Random St, City 6",676144417,email68@example.com,Bank 6,606944144,895587915,5072251304522697,5/25,854,1
Name 69,Year 1901,227944382,"2 Random St, City 10",657516710,email69@example.com,Bank 2,487980256,271994061,1521094601742410,8/25,253,0
Name 70,Year 1979,652549500,"851 Random St, City 10",641936361,email70@example.com,Bank 8,929473324,605850598,7974187997010909,7/25,937,0
Name 71,Year 1992,485974716,"675 Random St, City 7",679664508,email71@example.com,Bank 6,831084997,755385155,9859594448711399,11/25,632,0
Name 72,Year 1945,567139045,"718 Random St, City 10",629619658,email72@example.com,Bank 4,128467769,179398914,8181983014600779,3/25,740,0
Name 73,Year 1986,937176036,"445 Random St, City 5",636362851,email73@example.com,Bank 7,131927842,887507708,5058169899473108,3/25,465,1
Name 74,Year 1935,515617430,"118 Random St, City 8",655704032,email74@example.com,Bank 3,126679224,495142326,2444102533551040,8/25,919,0
Name 75,Year 1980,366216924,"710 Random St, City 8",680142899,email75@example.com,Bank 5,147854583,963098705,6908411711214615,6/25,453,0
Name 76,Year 1955,156735051,"128 Random St, City 4",620777603,email76@example.com,Bank 7,186364903,155656457,6438546328576450,4/25,821,1
Name 77,Year 1933,724347999,"68 Random St, City 10",653793944,email77@example.com,Bank 9,637242560,210880981,3505660628681714,11/25,275,0
Name 78,Year 1927,377225216,"350 Random St, City 9",616647423,email78@example.com,Bank 7,304075322,947669279,9750589722654822,2/25,214,1
Name 79,Year 1968,548589647,"23 Random St, City 10",602775465,email79@example.com,Bank 10,611678309,192263654,3652165043968815,8/25,523,0
Name 80,Year 1953,114462956,"724 Random St, City 3",690659980,email80@example.com,Bank 7,366234589,509056854,6332521470009869,5/25,307,0
Name 81,Year 1968,261206569,"372 Random St, City 9",663903782,email81@example.com,Bank 7,203356996,324018986,7204196027221025,2/25,336,1
Name 82,Year 1992,592019971,"662 Random St, City 9",675108193,email82@example.com,Bank 8,202709271,959406256,6007323531251556,1/25,290,0
Name 83,Year 1972,183342918,"641 Random St, City 3",656886184,email83@example.com,Bank 5,375389408,365828970,8340938798658971,4/25,154,0
Name 84,Year 1937,979303547,"669 Random St, City 7",637167789,email84@example.com,Bank 9,108175940,782710706,9882378929508094,11/25,387,0
Name 85,Year 1998,209083444,"220 Random St, City 4",695235347,email85@example.com,Bank 4,419532431,718118797,8789782241480178,7/25,443,0
Name 86,Year 1999,954468325,"637 Random St, City 3",609466387,email86@example.com,Bank 5,727443845,781244947,1069478345640832,7/25,347,0
Name 87,Year 1933,921631138,"536 Random St, City 1",646102906,email87@example.com,Bank 1,487102197,242486333,6083371478826960,5/25,609,1
Name 88,Year 1918,366436413,"564 Random St, City 5",609239403,email88@example.com,Bank 2,979560606,423282925,8419853312067044,10/25,978,0
Name 89,Year 1922,288728380,"380 Random St, City 9",651471526,email89@example.com,Bank 3,549718701,706868565,7910582773959677,5/25,969,0
Name 90,Year 1977,709458209,"457 Random St, City 9",652492312,email90@example.com,Bank 1,343447894,576873454,4781345541691459,10/25,673,0
Name 91,Year 1980,779418113,"781 Random St, City 3",636340245,email91@example.com,Bank 2,277469559,793198546,5523237628905661,12/25,135,1
Name 92,Year 1954,225066223,"487 Random St, City 8",666864581,email92@example.com,Bank 2,264513541,827096210,4941151341494880,1/25,422,1
Name 93,Year 1910,325465608,"78 Random St, City 7",620141533,email93@example.com,Bank 1,514346595,559652676,6018489076196253,13/25,533,1
Name 94,Year 1976,994033568,"288 Random St, City 8",640429106,email94@example.com,Bank 8,302249102,240711810,4906397370749862,9/25,850,0
Name 95,Year 1950,200370205,"477 Random St, City 8",667417411,email95@example.com,Bank 6,828320550,745117182,4425272275420215,13/25,976,0
Name 96,Year 1946,785371449,"963 Random St, City 3",644170775,email96@example.com,Bank 7,116399169,445036319,7790551083724431,9/25,862,1
Name 97,Year 1927,921008803,"433 Random St, City 7",600895227,email97@example.com,Bank 2,863443938,948050034,6772851040990159,4/25,177,0
Name 98,Year 1939,933853097,"490 Random St, City 9",603792381,email98@example.com,Bank 2,409320871,681834054,3506082841812666,5/25,114,0
Name 99,Year 1966,169886270,"762 Random St, City 3",633736225,email99@example.com,Bank 8,899238185,256748374,4396035720229358,12/25,458,0
